ResultID,Positive,SourceStr,TargetString,AbsenceSpaceInXmlTagEnd,attributeValueFromVirtualPlaceholder,BiDiCultures,commentSuggestsFunctionName,commentSuggestsLocaleSensitiveResource,commentSuggestsLocalizabilityRestriction,containsDateTimeFormatPatern,containsEmailAddress,containsFunctionCall,containsGlink,containsLetter,containsNumberOrPlaceholder,containsTime,containsURL,containsURLBeforeContext,containsURLInContext,containsURLSurroundByPlaceholder,containsURLWithAtag,containsURLWithPlaceholder,containsXmlLikeTag,containsXmlLikeTagEnd,contosoEmailAddress,CorrepondNoiseBracketsInTarget,cssAttributeDetector,delCharacterDetector,DetectFirstLetter,domainEmailAddress,doubleQuotesDetector,EAHotkey,emptyString,EmptyStringIndoubleQuotesDetector,EntireLocLockBinaryLockPattern,ErrorWords,EscapseCharactersHotkey,exampleEmailAddress,extractLCIDs,extractLLCCs,extraSlash,farEastHotkeyDetector,FileFilterString,FilteredOutProtectedString,FilterNoisePairing,ForbiddenByDev,GUID,hotkeyDetector,htmlAttributeDetector,htmlAttributeDetectorAsAWhole,htmlSpecialCharacterDetector,htmlTagDetector,IgnoreCommentsCategory,ignoredHtmlAttribute,ignoredHtmlAttributeForBiDi,ignoredUnLocalizableAttributeValue,ignoreSymbol,InvalidChars,IOSPlaceholderProtection,isFileFilter,isFileName,isFilePath,isProductNameToken,isStartWithFileExtension,isStartWithOrderWithBraces,largeNumberSeperator,lastLetterIsPunctuaion,lastPluralization,letterWord,lineBreakerDetector,LineFeed,LocalShortCutDetector,matchWordCount,mydomainEmailAddress,NoiseBracketsPlaceholders,noiseHtmlTagDetector,NoisePairForInconsistentPairing,NoiseStrForTranslationOrNot,NoiseStringForSpellerRule,NoiseTokenForSpellerRule,nonStandardPlaceholder,NormalCUltureName,NormalDomainName,numberString,ottmessagePlaceholder,percentageString,PickOutNumberString,placeHolderDetector,pluralization,residSuggestsLocaleSensitiveResource,singleWord,sourceIsPureNumber,spaceDetector,specialCharactersOnly,specialPlaceholderFormat,specialPlaceholderValue,SpecifyContainerForNotLocalized,squareBracketLink,StringLockedPattern,trailingSpaceDetector,virtualPlaceholderWithAttributeValue,xmlTagDetector
4845,0,The Win32_InfraredDevice class represents the capabilities and management of an infrared device.,Die Klasse \"Win32_InfraredDevice\" stellt die Funktionen und Verwaltung eines Infrarotgeräts dar.,0,0,0,0,0,0,0,0,0,0,1,0,0,0,0,0,0,0,0,0,0,0,0,0,0,1,0,1,0,0,0,0,0,0,0,0,0,0,0,0,0,0,0,0,0,1,1,0,0,1,0,0,0,1,0,0,0,0,0,0,0,0,0,1,0,1,0,0,0,1,0,0,0,0,0,0,0,0,0,0,0,0,0,1,0,0,0,1,0,0,0,0,0,0,0,0,0,0,0,
9536,0,\nDHCP Server Delete Filter failed.\n,\nFehler bei "DHCP Server Delete Filter".\n,0,0,0,0,0,0,0,0,0,0,1,0,0,0,0,0,0,0,0,0,0,0,0,0,0,0,0,1,0,0,0,0,1,0,0,0,0,0,0,0,0,0,0,0,0,0,0,0,0,0,0,0,0,1,0,0,0,0,0,0,0,0,0,0,0,1,1,0,0,1,0,0,0,0,0,0,0,0,0,0,0,0,0,0,0,0,0,1,0,0,0,0,0,0,0,0,0,0,0,
5528,0,The Index property indicates the index number of the SCSI controller in the system registry.\nExample: 0.,Die Eigenschaft \"Index\" gibt die Indexnummer des SCSI-Controllers in der Systemregistrierung an.\nBeispiel: 0.,0,0,0,0,0,0,0,0,0,0,1,0,0,0,0,0,0,0,0,0,0,0,0,0,0,1,0,1,0,0,0,0,0,0,0,0,1,0,0,0,0,0,0,0,0,0,0,0,0,0,0,0,0,1,0,0,0,0,0,0,0,0,0,1,0,1,1,0,0,1,0,0,0,0,0,0,0,0,1,0,0,0,0,1,0,0,0,1,0,0,0,0,0,0,0,0,0,0,0,
9565,0,\nDHCP Server Show ServerConfig failed.\n,\nDHCP-Server: Fehler bei "Show ServerConfig".\n,0,0,0,0,0,0,0,0,0,0,1,0,0,0,0,0,0,0,0,0,0,0,0,0,0,0,0,1,0,0,0,0,1,0,0,0,1,0,0,0,0,0,0,0,0,0,0,0,0,0,0,0,0,1,0,0,0,0,0,0,0,0,0,0,0,1,1,0,0,1,0,0,0,0,0,0,0,0,0,0,0,0,0,0,0,0,0,1,0,0,0,0,0,0,0,0,0,0,0,
9621,0,Option setting: %3 has been removed from the reservation: %1 in IPv6 scope: %2 by %4.\r\n,Die Optionseinstellung "%3" wurde aus der Reservierung "%1" im IPv6-Bereich "%2" über "%4" entfernt.\r\n,0,0,0,0,0,0,0,0,0,0,1,0,0,0,0,0,0,0,0,0,0,0,0,0,0,1,0,1,0,0,0,0,0,0,0,0,0,0,0,0,0,0,0,0,0,1,1,0,0,0,0,0,0,1,0,0,0,0,0,0,0,0,0,0,0,1,1,0,0,1,0,0,0,0,0,0,0,0,0,0,0,0,0,1,1,0,0,1,0,0,0,0,0,0,0,0,0,0,0,
9624,0,The conditions for server policy %3 have been set to %1. The conditions are grouped by logical operator %2.\r\n,Die Bedingungen für die Serverrichtlinie "%3" wurden auf "%1" festgelegt und werden durch den logischen Operator "%2" gruppiert.\r\n,0,0,0,0,0,0,0,0,0,0,1,0,0,0,0,0,0,0,0,0,0,0,0,0,0,1,0,1,0,0,0,0,0,0,0,0,0,0,0,0,0,0,0,0,0,1,1,0,0,0,0,0,0,1,0,0,0,0,0,0,0,0,0,0,0,1,1,0,0,1,0,0,0,0,0,0,0,0,0,0,0,0,0,1,1,0,0,1,0,0,0,0,0,0,0,0,0,0,0,
9632,0,The value %2 was set for the option %1 for the server policy %3.\r\n,Der Wert "%2" wurde für die Option "%1" für die Serverrichtlinie "%3" festgelegt.\r\n,0,0,0,0,0,0,0,0,0,0,1,0,0,0,0,0,0,0,0,0,0,0,0,0,0,1,0,1,0,0,0,0,0,0,0,0,0,0,0,0,0,0,0,0,0,1,1,0,0,0,0,0,0,1,0,0,0,0,0,0,0,0,0,0,0,1,1,0,0,1,0,0,0,0,0,0,0,0,0,0,0,0,0,1,1,0,0,1,0,0,0,0,0,0,0,0,0,0,0,
5966,0,Computer object for %1 exists in the domain.,Das Computerobjekt für "%1" ist in der Domäne vorhanden.,0,0,0,0,0,0,0,0,0,0,1,0,0,0,0,0,0,0,0,0,0,0,0,0,0,1,0,1,0,0,0,0,0,0,0,0,0,0,0,0,0,0,0,0,0,1,1,0,0,0,0,0,0,1,0,0,0,0,0,0,0,0,0,1,0,1,0,0,0,1,0,0,0,0,0,0,0,0,0,0,0,0,0,1,1,0,0,1,0,0,0,0,0,0,0,0,0,0,0,
4930,0,The GroupComponent reference represents the memory array part of the Win32_MemoryDeviceArray association.,Die Referenz \"GroupComponent\" stellt das Speicherarray in der Zuordnung \"Win32_MemoryDeviceArray\" dar.,0,0,0,0,0,0,0,0,0,0,1,0,0,0,0,0,0,0,0,0,0,0,0,0,0,1,0,1,0,0,0,0,0,0,0,0,0,0,0,0,0,0,0,0,0,0,0,0,0,1,0,0,0,1,0,0,0,0,0,0,0,0,0,1,0,1,0,0,0,1,0,0,0,0,0,0,0,0,0,0,0,0,0,1,0,0,0,1,0,0,0,0,0,0,0,0,0,0,0,
5301,0,The DeviceLoader property indicates the name of the device loader for the modem. A device loader loads and manages device drivers and enumerators for a given device.,Die Eigenschaft \"DeviceLoader\" gibt den Namen des Ladeprogramms für das Gerät an. Ein Ladeprogramm lädt und verwaltet Gerätetreiber und Enumeratoren für ein Gerät.,0,0,0,0,0,0,0,0,0,0,1,0,0,0,0,0,0,0,0,0,0,0,0,0,0,1,0,1,0,0,0,0,0,0,0,0,0,0,0,0,0,0,0,0,0,1,1,0,0,1,0,0,0,1,0,0,0,0,0,0,0,0,0,1,0,1,0,0,0,1,0,0,0,0,0,0,0,0,0,0,0,0,0,0,0,0,0,1,0,0,0,0,0,0,0,0,0,0,0,
5215,0,The CountryCode property indicates the code for the country/regionused by the operating system. Values are based on international phone dialing prefixes (also referred to as IBM country/region codes). The CountryCode string can use up to six characters to define the country/region code value.\nExample: 1 for the United States),Die Eigenschaft \"CountryCode\" gibt den Code für das vom Betriebssystem verwendete Land/Region an. Die Werte basieren auf internationalen Vorwahlen (IBM-Länder-/Regionscodes). Die Zeichenfolge \"CountryCode\" kann den Länder-/Regionscode mit bis zu sechs Zeichen definieren.\nBeispiel: 1 für die USA.,0,0,0,0,0,0,0,0,0,0,1,0,0,0,0,0,0,0,0,0,0,0,0,0,0,1,0,1,0,0,0,0,0,0,0,0,1,0,0,0,0,0,0,0,0,1,1,0,0,0,0,0,0,1,0,0,0,0,0,0,0,0,0,1,0,1,1,0,0,1,0,0,0,0,0,0,0,0,1,0,0,0,0,1,0,0,0,1,0,0,0,0,0,0,0,0,0,0,0,
4788,0,The Size property indicates the total size (in bytes) of the partition.\nExample: 1059045376,Die Eigenschaft \"Size\" gibt die Gesamtgröße der Partition in Bytes an.\nBeispiel: 1059045376,0,0,0,0,0,0,0,0,0,0,1,0,0,0,0,0,0,0,0,0,0,0,0,0,0,1,0,1,0,0,0,0,0,0,0,0,0,0,0,0,0,0,0,0,0,1,1,0,0,0,0,0,0,1,0,0,0,0,0,0,0,0,0,0,0,1,1,0,0,1,0,0,0,0,0,0,0,0,0,0,0,0,0,1,0,0,0,1,0,0,0,0,0,0,0,0,0,0,0,
4946,0,The AdapterType property reflects the network medium in use. This property may not be applicable to all types of network adapters listed within this class. Windows NT only.,Die Eigenschaft \"AdapterType\" gibt das verwendete Netzwerkmedium an. Diese Eigenschaft ist möglicherweise nicht für alle in dieser Klasse aufgeführten Netzwerkadapter verfügbar. Nur Windows NT.,0,0,0,0,0,0,0,0,0,0,1,0,0,0,0,0,0,0,0,0,0,0,0,0,0,1,0,1,0,0,0,0,0,0,0,0,0,0,0,0,0,0,0,0,0,1,1,0,0,0,0,0,0,1,0,0,0,0,0,0,0,0,0,1,0,1,0,0,0,1,0,0,0,0,0,0,0,0,0,0,0,0,0,0,0,0,0,1,0,0,0,0,0,0,0,0,0,0,0,
5971,0,Cluster IP Address %ws,Cluster-IP-Adresse "%ws",0,0,0,0,0,0,0,0,0,0,1,0,0,0,0,0,0,0,0,0,0,0,0,0,0,1,0,1,0,0,0,0,0,0,0,0,1,0,0,0,0,0,0,0,0,0,0,0,0,0,0,0,0,1,0,0,0,0,0,0,0,0,0,0,0,1,0,0,0,1,0,0,0,0,0,0,0,0,0,0,0,0,0,0,1,0,0,1,0,0,0,0,0,0,0,0,0,0,0,
5981,0,Unable to set DnsHostName attribute,Das Attribut "DnsHostName " konnte nicht festgelegt werden,0,0,0,0,0,0,0,0,0,0,1,0,0,0,0,0,0,0,0,0,0,0,0,0,0,1,0,1,0,0,0,0,0,0,0,0,0,0,0,0,0,0,0,0,0,0,0,0,0,0,0,0,0,1,0,0,0,0,0,0,0,0,0,0,0,1,0,0,0,1,0,0,0,0,0,0,0,0,0,0,0,0,0,0,0,0,0,1,0,0,0,0,0,0,0,0,0,0,0,
5230,0,The Version property indicates the version number of the operating system.\nExample: 4.0,Die Eigenschaft \"Version\" gibt die Versionsnummer des Betriebssystems an.\nBeispiel: 4.0,0,0,0,0,0,0,0,0,0,0,1,0,0,0,0,0,0,0,0,0,0,0,0,0,0,1,0,1,0,0,0,0,0,0,0,0,0,0,0,0,0,0,0,0,0,1,1,0,0,0,0,0,0,1,0,0,0,0,0,0,0,0,0,0,0,1,1,0,0,1,0,0,0,0,0,1,0,0,0,0,0,0,0,1,0,0,0,1,0,0,0,0,0,0,0,0,0,0,0,
5996,0,Unable to set ServicePrincipalName attribute,Das Attribut "ServicePrincipalName " konnte nicht festgelegt werden,0,0,0,0,0,0,0,0,0,0,1,0,0,0,0,0,0,0,0,0,0,0,0,0,0,1,0,1,0,0,0,0,0,0,0,0,0,0,0,0,0,0,0,0,0,0,0,0,0,0,0,0,0,1,0,0,0,0,0,0,0,0,0,0,0,1,0,0,0,1,0,0,0,0,0,0,0,0,0,0,0,0,0,0,0,0,0,1,0,0,0,0,0,0,0,0,0,0,0,
6016,0,Cluster network interface '%1' for node '%2' on network '%3' was removed.\r\n,Die Clusternetzwerk-Schnittstelle "%1" wurde für den Knoten "%2" im Netzwerk "%3" entfernt.\r\n,0,0,0,0,0,0,0,0,0,0,1,0,0,0,0,0,0,0,0,0,0,0,0,0,0,1,0,1,0,0,0,0,0,0,0,0,1,0,0,0,0,0,0,0,0,1,1,0,0,0,0,0,0,1,0,0,0,0,0,0,0,0,0,0,0,1,1,0,0,1,0,0,0,0,0,0,0,0,0,0,0,0,0,1,1,0,0,1,0,0,0,0,0,0,0,0,0,0,0,
6034,0,Cluster resource '%1' exited maintenance mode. The associated status is '%2'.\r\n,Die Clusterressource "%1" hat den Wartungsmodus verlassen. Zugehöriger Status: "%2".\r\n,0,0,0,0,0,0,0,0,0,0,1,0,0,0,0,0,0,0,0,0,0,0,0,0,0,1,0,1,0,0,0,0,0,0,0,0,0,0,0,0,0,0,0,0,0,0,0,0,0,0,0,0,0,1,0,0,0,0,0,0,0,0,0,0,0,1,1,0,0,1,0,0,0,0,0,0,0,0,0,0,0,0,0,1,1,0,0,1,0,0,0,0,0,0,0,0,0,0,0,
3855,0,Interactive UNIX,Interactive UNIX,0,0,0,0,0,0,0,0,0,0,1,0,0,0,0,0,0,0,0,0,0,0,0,0,0,1,0,0,0,0,0,0,0,0,0,0,0,0,0,0,0,0,0,0,0,0,0,0,0,0,0,0,0,0,0,0,0,0,0,0,0,0,0,0,0,1,0,0,0,1,0,0,0,0,0,0,0,0,0,0,0,0,0,0,0,0,0,1,0,0,0,0,0,0,0,0,0,0,0,
5310,0,The Model property indicates the model of this POTS modem.\nExample: Sportster 56K External.,Die Eigenschaft \"Model\" gibt das Modell des POTS-Modems an.\nBeispiel: Sportster 56K External.,0,0,0,0,0,0,0,0,0,0,1,0,0,0,0,0,0,0,0,0,0,0,0,0,0,1,0,1,0,0,0,0,0,0,0,0,1,0,0,0,0,0,0,0,0,0,0,0,0,0,0,0,0,1,0,0,0,0,0,0,0,0,0,1,0,1,1,0,0,1,0,0,0,0,0,0,0,0,0,0,0,0,0,1,0,0,0,1,0,0,0,0,0,0,0,0,0,0,0,
5245,0,Standard Server Edition,Standard Server Edition,0,0,0,0,0,0,0,0,0,0,1,0,0,0,0,0,0,0,0,0,0,0,0,0,0,1,0,0,0,0,0,0,0,0,0,0,0,0,0,0,0,0,0,0,0,0,0,0,0,0,0,0,0,0,0,0,0,0,0,0,0,0,0,0,0,1,0,0,0,1,0,0,0,0,0,0,0,0,0,0,0,0,0,0,0,0,0,1,0,0,0,0,0,0,0,0,0,0,0,
5271,0,Windows XP Home Edition,Windows XP Home Edition,0,0,0,0,0,0,0,0,0,0,1,0,0,0,0,0,0,0,0,0,0,0,0,0,0,1,0,0,0,0,0,0,0,0,0,0,0,0,0,0,0,0,0,0,0,0,0,0,0,0,0,0,0,0,0,0,0,0,0,0,0,0,0,0,0,1,0,0,0,1,0,0,0,0,0,0,0,0,0,0,0,0,0,0,0,0,0,1,0,0,0,0,0,0,0,0,0,0,0,
5323,0,The SpeakerModeSetup property contains the command string used to instruct the modem to turn the speaker on (until a connection is established).\nExample: M3.,Die Eigenschaft \"SpeakerModeSetup\" enthält die Befehlszeichenfolge zum Einschalten der Modemlautsprecher (bis die Verbindung hergestellt ist).\nBeispiel: M3.,0,0,0,0,0,0,0,0,0,0,1,0,0,0,0,0,0,0,0,0,0,0,0,0,0,1,0,1,0,0,0,0,0,0,0,0,0,0,0,0,0,0,0,0,0,1,0,0,0,0,0,0,0,1,0,0,0,0,0,0,0,0,0,1,0,1,1,0,0,1,0,0,0,0,0,0,0,0,0,0,0,0,0,1,0,0,0,1,0,0,0,0,0,0,0,0,0,0,0,
5609,0,The BaudRate property indicates the baud (bits per second) rate at which the communications device operates. \nExample: 9600,Die Eigenschaft \"BaudRate\" gibt die Baudrate (Bits pro Sekunde) des Kommunikationsgeräts an.\nBeispiel: 9600,0,0,0,0,0,0,0,0,0,0,1,0,0,0,0,0,0,0,0,0,0,0,0,0,0,1,0,1,0,0,0,0,0,0,0,1,0,0,0,0,0,0,0,0,0,0,0,0,0,1,0,0,0,1,0,0,0,0,0,0,0,0,0,0,0,1,1,0,0,1,0,0,0,0,0,0,0,0,0,0,0,0,0,1,0,0,0,1,0,0,0,0,0,0,0,0,0,0,0,
9640,0,Processing order of server policy %3 was changed to %1 from %2.\r\n,Die Verarbeitungsreihenfolge der Serverrichtlinie "%3" wurde von "%2" in "%1" geändert.\r\n,0,0,0,0,0,0,0,0,0,0,1,0,0,0,0,0,0,0,0,0,0,0,0,0,0,1,0,1,0,0,0,0,0,0,0,0,0,0,0,0,0,0,0,0,0,0,0,0,0,0,0,0,0,1,0,0,0,0,0,0,0,0,0,0,0,1,1,0,0,1,0,0,0,0,0,0,0,0,0,0,0,0,0,1,1,0,0,1,0,0,0,0,0,0,0,0,0,0,0,
3846,0,Token Ring 802.5,Token Ring 802.5,0,0,0,0,0,0,0,0,0,0,1,0,0,0,0,0,0,0,0,0,0,0,0,0,0,1,0,0,0,0,0,0,0,0,0,0,0,0,0,0,0,0,0,0,0,0,0,0,0,0,0,0,0,0,0,0,0,0,0,0,0,0,0,0,0,1,0,0,0,1,0,0,0,0,0,1,0,0,0,0,0,0,0,1,0,0,0,1,0,0,0,0,0,0,0,0,0,0,0,
4888,0,The GroupName property indicates the name of the Win32 program group. Program groups are implemented as file folders in Win32.\nExample: Accessories\\System Tools,Die Eigenschaft \"GroupName\" gibt den Namen der Win32-Programmgruppe an. Programmgruppen sind als Dateiordner in Win32 implementiert.\nBeispiel: Zubehör\\Systemprogramme,0,0,0,0,0,0,0,0,0,0,1,0,0,0,0,0,0,0,0,0,0,0,0,0,0,1,0,1,0,0,0,0,0,0,0,0,0,0,0,0,0,0,0,0,0,1,1,0,0,0,0,0,0,1,0,0,0,0,0,0,0,0,0,0,0,1,1,0,0,1,0,0,0,0,0,0,0,0,0,0,0,0,0,1,0,0,0,1,0,0,0,0,0,0,0,0,0,0,0,
3856,0,GNU Hurd,GNU Hurd,0,0,0,0,0,0,0,0,0,0,1,0,0,0,0,0,0,0,0,0,0,0,0,0,0,1,0,0,0,0,0,0,0,0,0,0,0,0,0,0,0,0,0,0,0,0,0,0,0,0,0,0,0,0,0,0,0,0,0,0,0,0,0,0,0,1,0,0,0,1,0,0,0,0,0,0,0,0,0,0,0,0,0,0,0,0,0,1,0,0,0,0,0,0,0,0,0,0,0,
3889,0,InterpretationOf0 is a string indicating what a '0' value from the binary sensor means.  This information could be displayed to a user.,Die Zeichenfolge \"InterpretationOf0\" gibt die Bedeutung des Werts '0' für einen binären Sensor an. Diese Informationen können vom Benutzer angezeigt werden.,0,0,0,0,0,0,0,0,0,0,1,0,0,0,0,0,0,0,0,0,0,0,0,1,0,1,0,1,0,0,0,0,0,0,0,0,0,0,0,0,0,0,0,0,0,1,1,0,0,0,0,0,0,1,0,0,0,0,0,0,0,0,0,1,0,1,0,0,0,1,0,0,0,0,0,0,0,0,0,0,0,0,0,0,0,0,0,1,0,0,0,0,0,0,0,0,0,0,0,
3888,0,ExpectedReading indicates the 'normal' value for the sensor.,\"ExpectedReading\" gibt den normalen Sensorwert an.,0,0,0,0,0,0,0,0,0,0,1,0,0,0,0,0,0,0,0,0,0,0,0,0,0,1,0,1,0,0,0,0,0,0,0,0,0,0,0,0,0,0,0,0,0,1,1,0,0,0,0,0,0,1,0,0,0,0,0,0,0,0,0,1,0,1,0,0,0,1,0,0,0,0,0,0,0,0,0,0,0,0,0,0,0,0,0,1,0,0,0,0,0,0,0,0,0,0,0,
4831,0,The Win32_HeatPipe class represents the properties of a heat pipe cooling device.,Die Klasse \"Win32_HeatPipe\" stellt die Eigenschaften eines Wärmerohr-Kühlgeräts dar.,0,0,0,0,0,0,0,0,0,0,1,0,0,0,0,0,0,0,0,0,0,0,0,0,0,1,0,1,0,0,0,0,0,0,0,0,1,0,0,0,0,0,0,0,0,1,1,0,0,1,0,0,0,1,0,0,0,0,0,0,0,0,0,1,0,1,0,0,0,1,0,0,0,0,0,0,0,0,0,0,0,0,0,1,0,0,0,1,0,0,0,0,0,0,0,0,0,0,0,
6048,0,The Cluster service failed to bring clustered role '%1' completely online or offline. One or more resources may be in a failed or an offline state. This may impact the availability of the clustered role.\r\n,Die Clusterrolle "%1" konnte vom Clusterdienst nicht vollständig online oder offline geschaltet werden. Möglicherweise ist mindestens eine der Ressourcen fehlerhaft oder offline. Dies kann sich auf die Verfügbarkeit der Clusterrolle auswirken.\r\n,0,0,0,0,0,0,0,0,0,0,1,0,0,0,0,0,0,0,0,0,0,0,0,0,0,1,0,1,0,0,0,0,1,0,0,0,0,0,0,0,0,0,0,0,0,1,0,0,0,0,0,0,0,1,0,0,0,0,0,0,0,0,0,0,0,1,1,0,0,1,0,0,0,0,0,0,0,0,0,0,0,0,0,1,1,0,0,1,0,0,0,0,0,0,0,0,0,0,0,
4874,0,The ProviderName property indicates the network path name to the logical device.,Die Eigenschaft \"ProviderName\" gibt den Netzwerkpfad zum logischen Gerät an.,0,0,0,0,0,0,0,0,0,0,1,0,0,0,0,0,0,0,0,0,0,0,0,0,0,1,0,1,0,0,0,0,0,0,0,0,0,0,0,0,0,0,0,0,0,1,1,0,0,1,0,0,0,1,0,0,0,0,0,0,0,0,0,1,0,1,0,0,0,1,0,0,0,0,0,0,0,0,0,0,0,0,0,0,0,0,0,1,0,0,0,0,0,0,0,0,0,0,0,
4882,0,The PartComponent reference represents the properties of the file directory structure in the Win32_LogicalDiskRootDirectory association.,Die Referenz \"PartComponent\" stellt die Eigenschaften der Verzeichnisstruktur in der Zuordnung \"Win32_LogicalDiskRootDirectory\" dar.,0,0,0,0,0,0,0,0,0,0,1,0,0,0,0,0,0,0,0,0,0,0,0,0,0,1,0,1,0,0,0,0,0,0,0,0,0,0,0,0,0,0,0,0,0,1,0,0,0,0,0,0,0,1,0,0,0,0,0,0,0,0,0,1,0,1,0,0,0,1,0,0,0,0,0,0,0,0,0,0,0,0,0,1,0,0,0,1,0,0,0,0,0,0,0,0,0,0,0,
4837,0,The Dependent reference represents the CIM_LogicalDevice connected to the IDE controller.,Die Referenz \"Dependent\" stellt das mit dem IDE-Controller verbundene logische CIM-Gerät dar.,0,0,0,0,0,0,0,0,0,0,1,0,0,0,0,0,0,0,0,0,0,0,0,0,0,1,0,1,0,0,0,0,0,0,0,0,1,0,0,0,0,0,0,0,0,0,0,0,0,1,0,0,0,1,0,0,0,0,0,0,0,0,0,1,0,1,0,0,0,1,0,0,0,0,0,0,0,0,1,0,0,0,0,0,0,0,0,1,0,0,0,0,0,0,0,0,0,0,0,
6053,0,Offline operation for the Physical Disk resource '%1' is started.\r\n,Der Offlinevorgang für die physische Datenträgerressource "%1" wurde gestartet.\r\n,0,0,0,0,0,0,0,0,0,0,1,0,0,0,0,0,0,0,0,0,0,0,0,0,0,1,0,1,0,0,0,0,0,0,0,0,0,0,0,0,0,0,0,0,0,1,1,0,0,0,0,0,0,1,0,0,0,0,0,0,0,0,0,0,0,1,1,0,0,1,0,0,0,0,0,0,0,0,0,0,0,0,0,1,1,0,0,1,0,0,0,0,0,0,0,0,0,0,0,
5629,0,The StartTime property represents the time at which the session started.,Die Eigenschaft \"StartTime\" zeigt die Zeit des Sizungstarts an.,0,0,0,0,0,0,0,0,0,0,1,0,0,0,0,0,0,0,0,0,0,0,0,0,0,1,0,1,0,0,0,0,0,0,0,0,0,0,0,0,0,0,0,0,0,1,0,0,0,0,0,0,0,1,0,0,0,0,0,0,0,0,0,1,0,1,0,0,0,1,0,0,0,0,0,0,0,0,0,0,0,0,0,0,0,0,0,1,0,0,0,0,0,0,0,0,0,0,0,
5635,0,The Dependent reference represents the session using the resource.,Die Referenz \"Dependent\" zeigt die von der Sitzung verwendeten Ressourcen an.,0,0,0,0,0,0,0,0,0,0,1,0,0,0,0,0,0,0,0,0,0,0,0,0,0,1,0,1,0,0,0,0,0,0,0,0,0,0,0,0,0,0,0,0,0,0,0,0,0,0,0,0,0,1,0,0,0,0,0,0,0,0,0,1,0,1,0,0,0,1,0,0,0,0,0,0,0,0,0,0,0,0,0,0,0,0,0,1,0,0,0,0,0,0,0,0,0,0,0,
5651,0,The ProductName property indicates the product name of the sound device.\nExample: Creative Labs SoundBlaster AWE64PNP,Die Eigenschaft \"ProductName\" gibt den Produktnamen des Audiogeräts an.\nBeispiel: Creative Labs SoundBlaster AWE64PNP,0,0,0,0,0,0,0,0,0,0,1,0,0,0,0,0,0,0,0,0,0,0,0,0,0,1,0,1,0,0,0,0,0,0,0,0,0,0,0,0,0,0,0,0,0,1,1,0,0,1,0,0,0,1,0,0,0,0,0,0,0,0,0,0,0,1,1,0,0,1,0,0,0,0,0,0,0,0,1,0,0,0,0,1,0,0,0,1,0,0,0,0,0,0,0,0,0,0,0,
5673,0,The Setting reference represents a boot configuration for the computer system.,Die Referenz \"Setting\" stellt eine Startkonfiguration für das Computersystem dar.,0,0,0,0,0,0,0,0,0,0,1,0,0,0,0,0,0,0,0,0,0,0,0,0,0,1,0,1,0,0,0,0,0,0,0,0,0,0,0,0,0,0,0,0,0,1,1,0,0,0,0,0,0,1,0,0,0,0,0,0,0,0,0,1,0,1,0,0,0,1,0,0,0,0,0,0,0,0,0,0,0,0,0,0,0,0,0,1,0,0,0,0,0,0,0,0,0,0,0,
5322,0,The SpeakerModeOn property contains the command string used to turn the modem speaker on.\nExample: M2.,Die Eigenschaft \"SpeakerModeOn\" enthält die Befehlszeichenfolge zum Einschalten der Modemlautsprecher.\nBeispiel: M2.,0,0,0,0,0,0,0,0,0,0,1,0,0,0,0,0,0,0,0,0,0,0,0,0,0,1,0,1,0,0,0,0,0,0,0,0,0,0,0,0,0,0,0,0,0,1,0,0,0,0,0,0,0,1,0,0,0,0,0,0,0,0,0,1,0,1,1,0,0,1,0,0,0,0,0,0,0,0,0,0,0,0,0,1,0,0,0,1,0,0,0,0,0,0,0,0,0,0,0,
5717,0,The Win32_SystemSetting class represents an association between a computer system and a general setting on that system.,Die Klasse \"Win32_SystemSetting\" stellt die Beziehung zwischen einem Computersystem und einer allgemeinen Einstellung dar.,0,0,0,0,0,0,0,0,0,0,1,0,0,0,0,0,0,0,0,0,0,0,0,0,0,1,0,1,0,0,0,0,0,0,0,0,0,0,0,0,0,0,0,0,0,1,1,0,0,0,0,0,0,1,0,0,0,0,0,0,0,0,0,1,0,1,0,0,0,1,0,0,0,0,0,0,0,0,0,0,0,0,0,1,0,0,0,1,0,0,0,0,0,0,0,0,0,0,0,
6073,0,Volume %1 activating\r\n,Volume "%1" wird aktiviert...\r\n,0,0,0,0,0,0,0,0,0,0,1,0,0,0,0,0,0,0,0,0,0,0,0,0,0,1,0,1,0,0,0,0,0,0,0,0,0,0,0,0,0,0,0,0,0,0,0,0,0,0,0,0,0,1,0,0,0,0,0,0,0,0,0,0,0,1,1,0,0,1,0,0,0,0,0,0,0,0,0,0,0,0,0,1,1,0,0,1,0,0,0,0,0,0,0,0,0,0,0,
6079,0,fsContext %1 is in state %2\r\n,fsContext "%1" befindet sich in Status "%2".\r\n,0,0,0,0,0,0,0,0,0,0,1,0,0,0,0,0,0,0,0,0,0,0,0,0,0,1,0,1,0,0,0,0,0,0,0,0,0,0,0,0,0,0,0,0,0,1,0,0,0,0,0,0,0,1,0,0,0,0,0,0,0,0,0,0,0,1,1,0,0,1,0,0,0,0,0,0,0,0,0,0,0,0,0,1,1,0,0,1,0,0,0,0,0,0,0,0,0,0,0,
5324,0,The SpeakerVolumeHigh property contains the command string used to set the modem speaker to the highest volume.\nExample: L3.,Die Eigenschaft \"SpeakerVolumeHigh\" enthält die Befehlszeichenfolge zum Einstellen der höchsten Lautstärke für die Modemlautsprecher.\nBeispiel: L3.,0,0,0,0,0,0,0,0,0,0,1,0,0,0,0,0,0,0,0,0,0,0,0,0,0,1,0,1,0,0,0,0,0,0,0,0,0,0,0,0,0,0,0,0,0,0,0,0,0,0,0,0,0,1,0,0,0,0,0,0,0,0,0,1,0,1,1,0,0,1,0,0,0,0,0,0,0,0,0,0,0,0,0,1,0,0,0,1,0,0,0,0,0,0,0,0,0,0,0,
4938,0,The PrimaryBusType property indicates the primary bus type of the motherboard.\nExample: PCI,Die Eigenschaft \"PrimaryBusType\" gibt den primären Bustyp des Motherboards an.\nBeispiel: PCI,0,0,0,0,0,0,0,0,0,0,1,0,0,0,0,0,0,0,0,0,0,0,0,0,0,1,0,1,0,0,0,0,0,0,0,0,0,0,0,0,0,0,0,0,0,1,1,0,0,0,0,0,0,1,0,0,0,0,0,0,0,0,0,0,0,1,1,0,0,1,0,0,0,0,0,0,0,0,0,0,0,0,0,0,0,0,0,1,0,0,0,0,0,0,0,0,0,0,0,
4895,0,The inherited Name property serves as key of a Win32_LogicalProgramGroupItem instance within a computer system.  Program Groups are implemented as file folders in Win32.  Full path names should be provided. Example: f:\\WINNT\\Profiles\\a-kevhu.000\\ Start Menu\\Programs\\Accessories\\WordPad.Lnk,Die geerbte Eigenschaft \"Name\" dient als Schlüssel einer Win32_LogicalProgramGroupItem-Instanz. Programmgruppen werden als Dateiordner in Win32 implementiert. Es müssen vollständige Pfadnamen angegeben werden. Beispiel: f:\\WINNT\\Profiles\\a-kevhu.000\\ Startmenü\\Programme\\Zubehör\\WordPad.Lnk,0,0,0,0,0,0,0,0,0,0,1,0,0,0,0,0,0,0,0,0,0,0,0,0,0,1,0,1,0,0,0,0,0,0,0,0,1,0,0,0,0,0,0,0,0,1,1,0,0,0,0,0,0,1,0,0,0,0,0,0,0,0,0,0,0,1,0,0,0,1,0,0,0,0,0,1,0,0,1,0,0,0,0,1,0,0,0,1,0,0,0,0,0,0,0,0,0,0,0,
5746,0,The FeaturesHigh property specifies the high-order 32 bits of the device features flag.,Die Eigenschaft \"FeaturesHigh\" gibt die hohen 32 Bits des Gerätefunktionskennzeichens an.,0,0,0,0,0,0,0,0,0,0,1,0,0,0,0,0,0,0,0,0,0,0,0,0,0,1,0,1,0,0,0,0,0,0,0,0,1,0,0,0,0,0,0,0,0,0,0,0,0,1,0,0,0,1,0,0,0,0,0,0,0,0,0,1,0,1,0,0,0,1,0,0,0,0,0,0,0,0,0,0,0,0,0,1,0,0,0,1,0,0,0,0,0,0,0,0,0,0,0,
3981,0,CIM_PhysicalCapacity describes the minimum and maximum requirements and ability to support different types of hardware for a physical element.,\"CIM_PhysicalCapacity\" beschreibt die minimalen und maximalen Anforderungen zum Unterstützen verschiedener Hardwaretypen für ein physikalisches Element.,0,0,0,0,0,0,0,0,0,0,1,0,0,0,0,0,0,0,0,0,0,0,0,0,0,1,0,1,0,0,0,0,0,0,0,0,0,0,0,0,0,0,0,0,0,1,1,0,0,0,0,0,0,1,0,0,0,0,0,0,0,0,0,1,0,1,0,0,0,1,0,0,0,0,0,0,0,0,0,0,0,0,0,0,0,0,0,1,0,0,0,0,0,0,0,0,0,0,0,
5347,0,The Name property indicates the path and file name of the page file.\nExample: C:\\PAGEFILE.SYS,Die Eigenschaft \"Name\" gibt den Pfad und Namen der Auslagerungsdatei an.\nBeispiel: C:\\PAGEFILE.SYS,0,0,0,0,0,0,0,0,0,0,1,0,0,0,0,0,0,0,0,0,0,0,0,0,0,1,0,1,0,0,0,0,0,0,0,0,0,0,0,0,0,0,0,0,0,1,1,0,0,0,0,0,0,1,0,0,0,0,0,0,0,0,0,0,0,1,1,0,0,1,0,0,0,0,0,1,0,0,1,0,0,0,0,0,0,0,0,1,0,0,0,0,0,0,0,0,0,0,0,
5369,0,The MemoryDevices property indicates the number of physical slots or sockets available in this memory array.,Die Eigenschaft \"MemoryDevices\" gibt die Anzahl der im Speicherarray verfügbaren physikalischen Steckplätze an.,0,0,0,0,0,0,0,0,0,0,1,0,0,0,0,0,0,0,0,0,0,0,0,0,0,1,0,1,0,0,0,0,0,0,0,0,0,0,0,0,0,0,0,0,0,0,0,0,0,1,0,0,0,1,0,0,0,0,0,0,0,0,0,1,0,1,0,0,0,1,0,0,0,0,0,0,0,0,0,0,0,0,0,0,0,0,0,1,0,0,0,0,0,0,0,0,0,0,0,
9735,0,Message digest not configured%0\r\n,Der Nachrichtenhash wurde nicht konfiguriert.%0\r\n,0,0,0,0,0,0,0,0,0,0,1,0,0,0,0,0,0,0,0,0,0,0,0,0,0,1,0,0,0,0,0,0,0,0,0,0,0,0,0,0,0,0,0,0,0,0,0,0,0,0,0,0,0,0,0,0,0,0,0,0,0,0,0,0,0,1,1,0,0,1,0,0,0,0,0,0,0,0,0,0,0,0,0,1,1,0,0,1,0,0,0,0,0,0,0,0,0,0,0,
5655,0,The Command property indicates the string representing the command line run by the startup command.\nExample: c:\\winnt\\notepad.exe myfile.txt.,Die Eigenschaft \"Command\" enthält die Befehlszeile für den Startbefehl.\nBeispiel: c:\\winnt\\notepad.exe myfile.txt.,0,0,0,0,0,0,0,0,0,0,1,0,0,0,0,0,0,0,0,0,0,0,0,0,0,1,0,1,0,0,0,0,0,0,0,0,0,0,0,0,0,0,0,0,0,1,0,0,0,0,0,0,0,1,0,0,0,0,0,0,0,0,0,1,0,1,1,1,0,1,0,0,0,0,0,1,0,0,0,0,0,0,0,0,0,0,0,1,0,0,0,0,0,0,0,0,0,0,0,
5085,0,The MTU input parameter specifies the default Maximum Transmission Unit (MTU) for a network interface The range of this value spans the minimum packet size (68) to the MTU supported by the underlying network.,Der Eingabeparameter \"MTU\" gibt die Standard-MTU (Maximum Transmission Unit) für eine Netzwerkschnittstelle an. Der Wertbereich umfasst die minimale Paketgröße bis zur vom Netzwerk unterstützten MTU.,0,0,0,0,0,0,0,0,0,0,1,0,0,0,0,0,0,0,0,0,0,0,0,0,0,1,0,1,0,0,0,0,0,0,0,0,1,0,0,0,0,0,0,0,0,1,1,0,0,0,0,0,0,1,0,0,0,0,0,0,0,0,0,1,0,1,0,0,0,1,0,0,0,0,0,0,0,0,1,0,0,0,0,1,0,0,0,1,0,0,0,0,0,0,0,0,0,0,0,
4876,0,The VolumeSerialNumber property indicates the volume serial number of the logical disk.\nConstraints: Maximum 11 characters\nExample: A8C3-D032,Die Eigenschaft \"VolumeSerialNumber\" gibt die Volumeseriennummer des logischen Datenträgers an.\nEinschränkungen: Maximal 11 Zeichen\nBeispiel: A8C3-D032,0,0,0,0,0,0,0,0,0,0,1,0,0,0,0,0,0,0,0,0,0,0,0,0,0,1,0,1,0,0,0,0,0,0,0,0,0,0,0,0,0,0,0,0,0,1,0,0,0,0,0,0,0,1,0,0,0,0,0,0,0,0,0,0,0,1,1,0,0,1,0,0,0,0,0,0,0,0,0,0,0,0,0,1,0,0,0,1,0,0,0,0,0,0,0,0,0,0,0,
5568,0,The Win32_SerialPort class represents a serial port on a Win32 system.,Die Klasse \"Win32_SerialPort\" stellt einen seriellen Anschluss in einem Win32-System dar.,0,0,0,0,0,0,0,0,0,0,1,0,0,0,0,0,0,0,0,0,0,0,0,0,0,1,0,1,0,0,0,0,0,0,0,0,0,0,0,0,0,0,0,0,0,1,1,0,0,0,0,0,0,1,0,0,0,0,0,0,0,0,0,1,0,1,0,0,0,1,0,0,0,0,0,0,0,0,0,0,0,0,0,1,0,0,0,1,0,0,0,0,0,0,0,0,0,0,0,
5075,0,The IPXFrameType parameter specifies an integer array of frame type identifiers. The values in this array correspond to the elements in the IPXNetworkNumber parameter.,Der Parameter \"IPXFrameType\" gibt ein Array mit Rahmentypenkennungen an. Die Werte entsprechen den Elementen im Parameter \"IPXNetworkNumber\".,0,0,0,0,0,0,0,0,0,0,1,0,0,0,0,0,0,0,0,0,0,0,0,0,0,1,0,1,0,0,0,0,0,0,0,0,0,0,0,0,0,0,0,0,0,1,1,0,0,0,0,0,0,1,0,0,0,0,0,0,0,0,0,1,0,1,0,0,0,1,0,0,0,0,0,0,0,0,0,0,0,0,0,0,0,0,0,1,0,0,0,0,0,0,0,0,0,0,0,
5677,0,The Win32_SystemDesktop class represents an association between a computer system and its desktop configuration.,Die Klasse \"Win32_SystemDesktop\" stellt die Beziehung zwischen einem Computersystem und seiner Desktopkonfiguration dar.,0,0,0,0,0,0,0,0,0,0,1,0,0,0,0,0,0,0,0,0,0,0,0,1,0,1,0,1,0,0,0,0,0,0,0,0,0,0,0,0,0,0,0,0,0,1,1,0,0,0,0,0,0,1,0,0,0,0,0,0,0,0,0,1,0,1,0,0,0,1,0,0,0,0,0,0,0,0,0,0,0,0,0,1,0,0,0,1,0,0,0,0,0,0,0,0,0,0,0,
5152,0,The ScriptPath property indicates the directory path to the user's logon script.  A logon script automatically executes a set of commands each time a user logs on to a system.\nExample: C:\\win\\profiles\\ThomasSteven,Die Eigenschaft \"ScriptPath\" gibt den Verzeichnispfad zum Anmeldeskript des Benutzers an. Ein Anmeldeskript führt bei jedem Anmelden automatisch Befehle aus.\nBeispiel: C:\\win\\profiles\\ThomasSteven,0,0,0,0,0,0,0,0,0,0,1,0,0,0,0,0,0,0,0,0,0,0,0,0,0,1,0,1,0,0,0,0,0,0,0,0,0,0,0,0,0,0,0,0,0,1,0,0,0,0,0,0,0,1,0,0,0,0,0,0,0,0,0,0,0,1,1,1,0,1,0,0,0,0,0,0,0,0,0,0,0,0,0,0,0,0,0,1,0,0,0,0,0,0,0,0,0,0,0,
5683,0,The Win32_SystemDriver class represents the system driver for a base service.,Die Klasse \"Win32_SystemDriver\" stellt den Systemtreiber für einen Basisdienst dar.,0,0,0,0,0,0,0,0,0,0,1,0,0,0,0,0,0,0,0,0,0,0,0,0,0,1,0,1,0,0,0,0,0,0,0,0,0,0,0,0,0,0,0,0,0,1,1,0,0,0,0,0,0,1,0,0,0,0,0,0,0,0,0,1,0,1,0,0,0,1,0,0,0,0,0,0,0,0,0,0,0,0,0,1,0,0,0,1,0,0,0,0,0,0,0,0,0,0,0,
